stage,max_step,Mmax,R_1.4,Lambda_1.4
baseline,50000.0,2.1462865129996085,10.638504889880638,395.8079895275048
refined,25000.0,2.146286457591533,10.638504702259535,395.7322669544443
