stage,max_step,Mmax,R_1.4,Lambda_1.4
baseline,50000.0,2.0061720812301003,10.94175082706171,478.51077143722495
refined,25000.0,2.0061718630950103,10.941750213633144,478.50018511994375
