stage,max_step,Mmax,R_1.4,Lambda_1.4
baseline,50000.0,22408017.746059358,220803904.53152925,15975.016420118578
refined,25000.0,2.240801550525781,22.0803882451141,15975.016008173588
