stage,max_step,Mmax,R_1.4,Lambda_1.4
baseline,50000.0,23475150.43100045,229633170.6185696,21904.7322740879
refined,25000.0,2.347514808348564,22.963314765525485,21904.73159922413
