{
  "summary_headline": {
    "n": 10,
    "mmax": {
      "median": 2.060297962618263,
      "mean": 2.02482352904696,
      "p05": 1.6355581171031108,
      "p95": 2.268654362987744
    },
    "r14": {
      "median": 10.711455784379432,
      "mean": 9.913818179074442,
      "p05": 6.449292479655258,
      "p95": 12.383392946114213
    },
    "lambda14": {
      "median": 466.7752044134106,
      "mean": 490.095975963878,
      "p05": 11.488569326816455,
      "p95": 1156.095572507159
    }
  },
  "summary_expanded_nonexcluded": {
    "n": 10,
    "mmax": {
      "median": 2.060297962618263,
      "mean": 2.02482352904696,
      "p05": 1.6355581171031108,
      "p95": 2.268654362987744
    },
    "r14": {
      "median": 10.711455784379432,
      "mean": 9.913818179074442,
      "p05": 6.449292479655258,
      "p95": 12.383392946114213
    },
    "lambda14": {
      "median": 466.7752044134106,
      "mean": 490.095975963878,
      "p05": 11.488569326816455,
      "p95": 1156.095572507159
    }
  },
  "counts": {
    "total_rows": 18,
    "excluded_rows": 3,
    "poly2_rows": 3,
    "poly2_excluded_rows": 3
  },
  "diffs_expanded_minus_headline": {
    "mmax": {
      "delta_median": 0.0,
      "delta_mean": 0.0
    },
    "r14": {
      "delta_median": 0.0,
      "delta_mean": 0.0
    },
    "lambda14": {
      "delta_median": 0.0,
      "delta_mean": 0.0
    }
  },
  "cols_detected": {
    "run_id": "run_id",
    "eos": "EOS",
    "variant": "variant",
    "mmax": "Mmax",
    "r14": "R_1.4",
    "l14": "Lambda_1.4"
  }
}